Workbook
Name Dates: 'Your Expenses'!$B$4:$B$25
Name End_Date: Report!$F$3
Name Food_Category: Report!$B$9:$B$16
Name Places: Report!$B$23:$B$28
Name Start_Date: Report!$C$3

Sheet Your Expenses
G1: =IF(G26<=15000,"free","blank") -> free
B3: Date | C3: Category | D3: What | E3: How many | F3: Price per item | G3: Price (sum) | H3: Where
B4: =TODAY() -> 45943 | C4: Sweets | D4: Candies | E4: 0.25 | F4: 6 | G4: ='Your Expenses'!$F$4:$F$25*'Your Expenses'!$E$4:$E$25 -> 1.5 | H4: Grocery
B5: =TODAY() -> 45943 | C5: Drinks | D5: Coke | E5: 1 | F5: 1 | G5: ='Your Expenses'!$F$4:$F$25*'Your Expenses'!$E$4:$E$25 -> 1 | H5: Fast Food
B6: =TODAY()-1 -> 45942 | C6: Ready Meals | D6: Meal | E6: 1 | F6: 28 | G6: ='Your Expenses'!$F$4:$F$25*'Your Expenses'!$E$4:$E$25 -> 28 | H6: Fast Food
B7: =TODAY()-1 -> 45942 | C7: Meat | D7: Beef | E7: 1.2 | F7: 15 | G7: ='Your Expenses'!$F$4:$F$25*'Your Expenses'!$E$4:$E$25 -> 18 | H7: Grocery
B8: =TODAY()-1 -> 45942 | C8: Alcohol | D8: Whisky | E8: 1 | F8: 25 | G8: ='Your Expenses'!$F$4:$F$25*'Your Expenses'!$E$4:$E$25 -> 25 | H8: Grocery
B9: =TODAY()-2 -> 45941 | C9: Drinks | D9: Soda | E9: 6 | F9: 1 | G9: ='Your Expenses'!$F$4:$F$25*'Your Expenses'!$E$4:$E$25 -> 6 | H9: Home Delivery
B10: =TODAY()-2 -> 45941 | C10: Ready Meals | D10: Meal | E10: 1 | F10: 10 | G10: ='Your Expenses'!$F$4:$F$25*'Your Expenses'!$E$4:$E$25 -> 10 | H10: Home Delivery
B11: =TODAY()-2 -> 45941 | C11: Fruits & Vegetables | D11: Apples | E11: 2 | F11: 5 | G11: ='Your Expenses'!$F$4:$F$25*'Your Expenses'!$E$4:$E$25 -> 10 | H11: Home Delivery
B12: =TODAY()-2 -> 45941 | C12: Drinks | D12: Water | E12: 1 | F12: 1 | G12: ='Your Expenses'!$F$4:$F$25*'Your Expenses'!$E$4:$E$25 -> 1 | H12: Grocery
B13: =TODAY()-3 -> 45940 | C13: Drinks | D13: Coke | E13: 1 | F13: 1 | G13: ='Your Expenses'!$F$4:$F$25*'Your Expenses'!$E$4:$E$25 -> 1 | H13: Fast Food
B14: =TODAY()-3 -> 45940 | C14: Sweets | D14: Chocolate | E14: 2 | F14: 3 | G14: ='Your Expenses'!$F$4:$F$25*'Your Expenses'!$E$4:$E$25 -> 6 | H14: Grocery
B15: =TODAY()-3 -> 45940 | C15: Sweets | D15: Candies | E15: 5 | F15: 1 | G15: ='Your Expenses'!$F$4:$F$25*'Your Expenses'!$E$4:$E$25 -> 5 | H15: Grocery
B16: =TODAY()-3 -> 45940 | C16: Drinks | D16: Water | E16: 2 | F16: 0.75 | G16: ='Your Expenses'!$F$4:$F$25*'Your Expenses'!$E$4:$E$25 -> 1.5 | H16: Coffee shops
B17: =TODAY()-4 -> 45939 | C17: Ready Meals | D17: Rice | E17: 1 | F17: 3.25 | G17: ='Your Expenses'!$F$4:$F$25*'Your Expenses'!$E$4:$E$25 -> 3.25 | H17: Restaurant
B18: =TODAY()-4 -> 45939 | C18: Meat | D18: Beef | E18: 0.6 | F18: 12 | G18: ='Your Expenses'!$F$4:$F$25*'Your Expenses'!$E$4:$E$25 -> 7.2 | H18: Grocery
B19: =TODAY()-4 -> 45939 | C19: Alcohol | D19: Beer | E19: 1 | F19: 2 | G19: ='Your Expenses'!$F$4:$F$25*'Your Expenses'!$E$4:$E$25 -> 2 | H19: Restaurant
B20: =TODAY()-4 -> 45939 | C20: Drinks | D20: Soda | E20: 1 | F20: 1 | G20: ='Your Expenses'!$F$4:$F$25*'Your Expenses'!$E$4:$E$25 -> 1 | H20: Grocery
B21: =TODAY()-5 -> 45938 | C21: Ready Meals | D21: Meal | E21: 1 | F21: 10 | G21: ='Your Expenses'!$F$4:$F$25*'Your Expenses'!$E$4:$E$25 -> 10 | H21: Fast Food
B22: =TODAY()-5 -> 45938 | C22: Fruits & Vegetables | D22: Bananas | E22: 2 | F22: 3 | G22: ='Your Expenses'!$F$4:$F$25*'Your Expenses'!$E$4:$E$25 -> 6 | H22: Home Delivery
B23: =TODAY()-5 -> 45938 | C23: Drinks | D23: Coke | E23: 1 | F23: 0.75 | G23: ='Your Expenses'!$F$4:$F$25*'Your Expenses'!$E$4:$E$25 -> 0.75 | H23: Grocery
B24: =TODAY()-5 -> 45938 | C24: Alcohol | D24: Beer | E24: 1 | F24: 1 | G24: ='Your Expenses'!$F$4:$F$25*'Your Expenses'!$E$4:$E$25 -> 1 | H24: Coffee shops
B25: =TODAY()-5 -> 45938 | C25: Bread | D25: Buns | E25: 5 | F25: 0.2 | G25: ='Your Expenses'!$F$4:$F$25*'Your Expenses'!$E$4:$E$25 -> 1 | H25: Grocery
B26: Total | G26: =SUM(G4:G25) -> 146.2

Sheet Report
B1: Check your expenses in choosen period.
B3: Start Day | C3: =TODAY()-1 -> 45942 | E3: End Day | F3: =TODAY() -> 45943
B6: Expenses by Food Category
B8: Food Category | C8: Expenses | K8: Food Category | L8: Estimated | M8: Actual
B9: Alcohol | C9: =SUMIFS('Your Expenses'!$G$4:$G$25,'Your Expenses'!$B$4:$B$25,">="&Start_Date,'Your Expenses'!$B$4:$B$25,"<="&End_Date,'Your Expenses'!$C$4:$C$25,Expenses_By_Food_Cat[[#This Row],[Food Category]]) -> 25 | K9: Alcohol | L9: 25 | M9: 40
B10: Bread | C10: =SUMIFS('Your Expenses'!$G$4:$G$25,'Your Expenses'!$B$4:$B$25,">="&Start_Date,'Your Expenses'!$B$4:$B$25,"<="&End_Date,'Your Expenses'!$C$4:$C$25,Expenses_By_Food_Cat[[#This Row],[Food Category]]) -> 0 | K10: Bread | L10: 7 | M10: 5
B11: Drinks | C11: =SUMIFS('Your Expenses'!$G$4:$G$25,'Your Expenses'!$B$4:$B$25,">="&Start_Date,'Your Expenses'!$B$4:$B$25,"<="&End_Date,'Your Expenses'!$C$4:$C$25,Expenses_By_Food_Cat[[#This Row],[Food Category]]) -> 1 | K11: Drinks | L11: 18 | M11: 7
B12: Fruits & Vegetables | C12: =SUMIFS('Your Expenses'!$G$4:$G$25,'Your Expenses'!$B$4:$B$25,">="&Start_Date,'Your Expenses'!$B$4:$B$25,"<="&End_Date,'Your Expenses'!$C$4:$C$25,Expenses_By_Food_Cat[[#This Row],[Food Category]]) -> 0 | K12: Fruits | L12: 10 | M12: 4
B13: Meat | C13: =SUMIFS('Your Expenses'!$G$4:$G$25,'Your Expenses'!$B$4:$B$25,">="&Start_Date,'Your Expenses'!$B$4:$B$25,"<="&End_Date,'Your Expenses'!$C$4:$C$25,Expenses_By_Food_Cat[[#This Row],[Food Category]]) -> 18 | K13: Meat | L13: 18 | M13: 10
B14: Ready Meals | C14: =SUMIFS('Your Expenses'!$G$4:$G$25,'Your Expenses'!$B$4:$B$25,">="&Start_Date,'Your Expenses'!$B$4:$B$25,"<="&End_Date,'Your Expenses'!$C$4:$C$25,Expenses_By_Food_Cat[[#This Row],[Food Category]]) -> 28 | K14: Ready Meals | L14: 28 | M14: 15
B15: Sweets | C15: =SUMIFS('Your Expenses'!$G$4:$G$25,'Your Expenses'!$B$4:$B$25,">="&Start_Date,'Your Expenses'!$B$4:$B$25,"<="&End_Date,'Your Expenses'!$C$4:$C$25,Expenses_By_Food_Cat[[#This Row],[Food Category]]) -> 1.5 | K15: Sweets | L15: 18 | M15: 20
B16: Other | C16: =SUMIFS('Your Expenses'!$G$4:$G$25,'Your Expenses'!$B$4:$B$25,">="&Start_Date,'Your Expenses'!$B$4:$B$25,"<="&End_Date,'Your Expenses'!$C$4:$C$25,Expenses_By_Food_Cat[[#This Row],[Food Category]]) -> 0 | K16: Other | L16: 15 | M16: 6
B17: Total | C17: =SUBTOTAL(109,Expenses_By_Food_Cat[Expenses]) -> 73.5
B19: Expenses by Places
B21: Places List | C21: Expenses
B22: Market | C22: =SUMIFS('Your Expenses'!$G$4:$G$25,'Your Expenses'!$B$4:$B$25,">="&Start_Date,'Your Expenses'!$B$4:$B$25,"<="&End_Date,'Your Expenses'!$H$4:$H$25,Expenses_by_Places[[#This Row],[Places List]]) -> 0
B23: Coffee shops | C23: =SUMIFS('Your Expenses'!$G$4:$G$25,'Your Expenses'!$B$4:$B$25,">="&Start_Date,'Your Expenses'!$B$4:$B$25,"<="&End_Date,'Your Expenses'!$H$4:$H$25,Expenses_by_Places[[#This Row],[Places List]]) -> 0
B24: Fast Food | C24: =SUMIFS('Your Expenses'!$G$4:$G$25,'Your Expenses'!$B$4:$B$25,">="&Start_Date,'Your Expenses'!$B$4:$B$25,"<="&End_Date,'Your Expenses'!$H$4:$H$25,Expenses_by_Places[[#This Row],[Places List]]) -> 29
B25: Grocery | C25: =SUMIFS('Your Expenses'!$G$4:$G$25,'Your Expenses'!$B$4:$B$25,">="&Start_Date,'Your Expenses'!$B$4:$B$25,"<="&End_Date,'Your Expenses'!$H$4:$H$25,Expenses_by_Places[[#This Row],[Places List]]) -> 44.5
B26: Home Delivery | C26: =SUMIFS('Your Expenses'!$G$4:$G$25,'Your Expenses'!$B$4:$B$25,">="&Start_Date,'Your Expenses'!$B$4:$B$25,"<="&End_Date,'Your Expenses'!$H$4:$H$25,Expenses_by_Places[[#This Row],[Places List]]) -> 0
B27: Restaurant | C27: =SUMIFS('Your Expenses'!$G$4:$G$25,'Your Expenses'!$B$4:$B$25,">="&Start_Date,'Your Expenses'!$B$4:$B$25,"<="&End_Date,'Your Expenses'!$H$4:$H$25,Expenses_by_Places[[#This Row],[Places List]]) -> 0
B28: Other | C28: =SUMIFS('Your Expenses'!$G$4:$G$25,'Your Expenses'!$B$4:$B$25,">="&Start_Date,'Your Expenses'!$B$4:$B$25,"<="&End_Date,'Your Expenses'!$H$4:$H$25,Expenses_by_Places[[#This Row],[Places List]]) -> 0
B29: Total | C29: =SUBTOTAL(109,Expenses_by_Places[Expenses]) -> 73.5

Sheet Sheet1
