Workbook
Name ColumnTitle1: #REF!
Name End_Bal: #REF!
Name ExtraPayments: #REF!
Name InterestRate: #REF!
Name LastCol: #REF!
Name LastRow: #REF!
Name LenderName: #REF!
Name LoanAmount: #REF!
Name LoanIsGood: #REF!
Name LoanPeriod: #REF!
Name LoanStartDate: #REF!
Name PaymentsPerYear: #REF!
Name PrintArea_SET: #REF!
Name RowTitleRegion1..E9: #REF!
Name RowTitleRegion2..I7: #REF!
Name RowTitleRegion3..E9: #REF!
Name RowTitleRegion4..H9: #REF!
Name ScheduledNumberOfPayments: #REF!
Name ScheduledPayment: #REF!
Name TotalEarlyPayments: #REF!
Name TotalInterest: #REF!

Sheet Database
A9: Trail | B9: Jan | C9: Feb | D9: Mar | E9: Apr | F9: May | G9: Jun | H9: Total | J9: Condition
A10: Chicken Comers | B10: 176 | C10: 254 | D10: 340 | E10: 228 | F10: 267 | G10: 395 | H10: 1668
A11: Gemini Bridges | B11: 325 | C11: 189 | D11: 185 | E11: 351 | F11: 165 | G11: 319 | H11: 835
A12: Poison Spider Mesa | B12: 327 | C12: 374 | D12: 109 | E12: 394 | F12: 188 | G12: 333 | H12: 1554
A13: Moab Rim | B13: 398 | C13: 146 | D13: 281 | E13: 382 | F13: 158 | G13: 246 | H13: 1649
A14: Lizard Hole | B14: 195 | C14: 154 | D14: 178 | E14: 101 | F14: 378 | G14: 142 | H14: 2403

Sheet Total
B2: Product | C2: Region | D2: Net Price | E2: Quantity | F2: Total
B3: TV | C3: Nam | D3: 12800 | E3: 188 | F3: =Total!$D3*Total!$E3 -> 2406400
B4: Laptop | C4: Nam | D4: 19200 | E4: 152 | F4: =Total!$D4*Total!$E4 -> 2918400
B5: Desktop | C5: Trung | D5: 16600 | E5: 101 | F5: =Total!$D5*Total!$E5 -> 1676600
B6: Camera | C6: Nam | D6: 10900 | E6: 113 | F6: =Total!$D6*Total!$E6 -> 1231700
B7: Projector | C7: Nam | D7: 17100 | E7: 160 | F7: =Total!$D7*Total!$E7 -> 2736000
B8: Printer | C8: Nam | D8: 18100 | E8: 126 | F8: =Total!$D8*Total!$E8 -> 2280600
B9: Keyboard | C9: Nam | D9: 19800 | E9: 178 | F9: =Total!$D9*Total!$E9 -> 3524400
B10: Mouse | C10: Trung | D10: 14100 | E10: 100 | F10: =Total!$D10*Total!$E10 -> 1410000
B11: TV | C11: Nam | D11: 15000 | E11: 191 | F11: =Total!$D11*Total!$E11 -> 2865000
B12: Laptop | C12: Nam | D12: 12900 | E12: 181 | F12: =Total!$D12*Total!$E12 -> 2334900
B13: Desktop | C13: Nam | D13: 13000 | E13: 174 | F13: =Total!$D13*Total!$E13 -> 2262000
B14: Camera | C14: Nam | D14: 16900 | E14: 179 | F14: =Total!$D14*Total!$E14 -> 3025100
... B746: Mouse | C746: Nam | D746: 15100 | E746: 143 | F746: =Total!$D746*Total!$E746 -> 2159300
